id,url,title,publisher,source_type,accessed,access_status,archive_path,used_for
E1-S001,https://eur-lex.europa.eu/eli/reg/2024/2847/oj/eng,"Regulation (EU) 2024/2847 (Cyber Resilience Act), Official Journal text",EUR-Lex (Publications Office of the EU),regulatory,2026-10-09,extract,Enterprise_GenAI_Stack_Oct2026/06_References/snapshots/E1/E1-S001.extract.txt,"R-EU-CRA application dates (Art. 71), support period (Art. 13(8)), remote data processing definition (Art. 3(2), recitals 11-12), Art. 64(10) fine derogations, recital 120"
E1-S002,https://digital-strategy.ec.europa.eu/en/policies/cyber-resilience-act,Cyber Resilience Act (policy page),European Commission,regulatory,2026-10-09,extract,Enterprise_GenAI_Stack_Oct2026/06_References/snapshots/E1/E1-S002.extract.txt,R-EU-CRA main dates; Commission guidance publication
E1-S003,https://digital-strategy.ec.europa.eu/en/policies/cra-reporting,Cyber Resilience Act - Reporting obligations,European Commission,regulatory,2026-10-09,extract,Enterprise_GenAI_Stack_Oct2026/06_References/snapshots/E1/E1-S003.extract.txt,"R-EU-CRA Article 14 reporting timelines, steward reporting date, no retrospective reporting"
E1-S004,https://digital-strategy.ec.europa.eu/en/policies/cra-open-source,Cyber Resilience Act - Open source,European Commission,regulatory,2026-10-09,extract,Enterprise_GenAI_Stack_Oct2026/06_References/snapshots/E1/E1-S004.extract.txt,R-EU-CRA open-source scope and stewards
E1-S005,https://digital-strategy.ec.europa.eu/en/library/commission-publishes-new-guidance-support-timely-cyber-resilience-act-implementation,Commission publishes new guidance to support timely Cyber Resilience Act implementation (C(2026) 5252),European Commission,regulatory,2026-10-09,extract,Enterprise_GenAI_Stack_Oct2026/06_References/snapshots/E1/E1-S005.extract.txt,"R-EU-CRA guidance (27 July 2026): remote data processing, FOSS, substantial modification, support periods"
E1-S006,https://www.enisa.europa.eu/news/the-cra-single-reporting-platform-is-launched,The CRA Single Reporting Platform is launched,ENISA,regulatory,2026-10-09,extract,Enterprise_GenAI_Stack_Oct2026/06_References/snapshots/E1/E1-S006.extract.txt,R-EU-CRA Single Reporting Platform live 11 September 2026
E1-S007,https://www.kennedyslaw.com/en/thought-leadership/article/2026/eu-cyber-resilience-act-what-the-european-commission-s-2026-guidance-means-for-manufacturers/,EU Cyber Resilience Act: what the European Commission's 2026 guidance means for manufacturers,Kennedys,secondary-news,2026-10-09,extract,Enterprise_GenAI_Stack_Oct2026/06_References/snapshots/E1/E1-S007.extract.txt,R-EU-CRA reading of the remote data processing test and SaaS
E1-S008,https://www.european-cyber-resilience-act.com/Cyber_Resilience_Act_Article_12.html,"Cyber Resilience Act text, Article 12 (High-risk AI systems)",european-cyber-resilience-act.com (reproduction of the OJ text),secondary-aggregator,2026-10-09,extract,Enterprise_GenAI_Stack_Oct2026/06_References/snapshots/E1/E1-S008.extract.txt,R-EU-CRA Article 12 link to AI Act Article 15
E1-S009,https://eur-lex.europa.eu/EN/legal-content/summary/horizontal-cybersecurity-requirements-for-products-with-digital-elements-cyber-resilience-act.html,Summary: Horizontal cybersecurity requirements for products with digital elements (Cyber Resilience Act),EUR-Lex (Publications Office of the EU),regulatory,2026-10-09,extract,Enterprise_GenAI_Stack_Oct2026/06_References/snapshots/E1/E1-S009.extract.txt,"R-EU-CRA fines, product bans and recalls; reporting start"
E1-S010,https://eur-lex.europa.eu/eli/dir/2024/2853/oj/eng,"Directive (EU) 2024/2853 on liability for defective products, Official Journal text",EUR-Lex (Publications Office of the EU),regulatory,2026-10-09,extract,Enterprise_GenAI_Stack_Oct2026/06_References/snapshots/E1/E1-S010.extract.txt,"R-EU-PLD software as product, FOSS exclusion, Articles 8-11 (components, disclosure, presumptions, updates), application date"
E1-S011,https://eur-lex.europa.eu/EN/legal-content/summary/defective-products-liability.html,Summary: Defective products - liability,EUR-Lex (Publications Office of the EU),regulatory,2026-10-09,extract,Enterprise_GenAI_Stack_Oct2026/06_References/snapshots/E1/E1-S011.extract.txt,R-EU-PLD application and transition
E1-S012,https://single-market-economy.ec.europa.eu/single-market/goods/free-movement-sectors/liability-defective-products_en,Liability for defective products,European Commission (DG GROW),regulatory,2026-10-09,extract,Enterprise_GenAI_Stack_Oct2026/06_References/snapshots/E1/E1-S012.extract.txt,R-EU-PLD transposition deadline
E1-S013,https://www.freshfields.com/en/our-thinking/briefings/2026/01/the-disclosure-obligation-under-the-new-product-liability-directive-balancing-evidentiary-hardship-and-the-protection-of-corporate-information,The disclosure obligation under the new Product Liability Directive,Freshfields,secondary-news,2026-10-09,extract,Enterprise_GenAI_Stack_Oct2026/06_References/snapshots/E1/E1-S013.extract.txt,R-EU-PLD Article 9 disclosure reading
E1-S014,https://eur-lex.europa.eu/legal-content/EN/TXT/HTML/?uri=CELEX:52025XC05423,Withdrawal of Commission proposals (C/2025/5423),EUR-Lex (Official Journal C series),regulatory,2026-10-09,extract,Enterprise_GenAI_Stack_Oct2026/06_References/snapshots/E1/E1-S014.extract.txt,R-EU-PLD AI Liability Directive withdrawn
E1-S015,https://heydata.eu/en/magazine/eu-product-liability-directive-2024-2853-digital-software-ai,EU Product Liability Directive 2024/2853: What Software and AI Providers Need to Know Now,heyData,secondary-aggregator,2026-10-09,extract,Enterprise_GenAI_Stack_Oct2026/06_References/snapshots/E1/E1-S015.extract.txt,R-EU-PLD AI systems as software (commentary)
E1-S016,https://eur-lex.europa.eu/legal-content/EN/TXT/HTML/?uri=CELEX%3A32022L2555,"Directive (EU) 2022/2555 (NIS2), Official Journal text",EUR-Lex (Publications Office of the EU),regulatory,2026-10-09,extract,Enterprise_GenAI_Stack_Oct2026/06_References/snapshots/E1/E1-S016.extract.txt,"R-EU-NIS2 Annex I digital infrastructure and ICT service management, Arts 3, 20, 21, 23, 26, 34"
E1-S017,https://digital-strategy.ec.europa.eu/en/faqs/directive-measures-high-common-level-cybersecurity-across-union-nis2-directive-faqs,NIS2 Directive - FAQs,European Commission,regulatory,2026-10-09,extract,Enterprise_GenAI_Stack_Oct2026/06_References/snapshots/E1/E1-S017.extract.txt,"R-EU-NIS2 scope (digital infrastructure, ICT service management), size cap, fines"
E1-S018,https://eur-lex.europa.eu/EN/legal-content/summary/cybersecurity-of-network-and-information-systems.html,Summary: Cybersecurity of network and information systems (NIS2),EUR-Lex (Publications Office of the EU),regulatory,2026-10-09,extract,Enterprise_GenAI_Stack_Oct2026/06_References/snapshots/E1/E1-S018.extract.txt,R-EU-NIS2 application date and Annex I list
E1-S019,https://eur-lex.europa.eu/legal-content/EN/TXT/HTML/?uri=OJ:L_202402690,"Commission Implementing Regulation (EU) 2024/2690 (technical and methodological requirements, significant incidents)",EUR-Lex (Publications Office of the EU),regulatory,2026-10-09,extract,Enterprise_GenAI_Stack_Oct2026/06_References/snapshots/E1/E1-S019.extract.txt,"R-EU-NIS2 implementing rules for cloud, data centre, MSP and MSSP providers"
E1-S020,https://www.insideprivacy.com/data-security/cybersecurity/european-commission-proposes-targeted-amendments-to-nis2-to-simplify-compliance-and-align-with-proposed-cybersecurity-act-2/,European Commission Proposes Targeted Amendments to NIS2 to Simplify Compliance and Align With Proposed Cybersecurity Act 2,Covington (Inside Privacy),secondary-news,2026-10-09,extract,Enterprise_GenAI_Stack_Oct2026/06_References/snapshots/E1/E1-S020.extract.txt,R-EU-NIS2 pending amendment proposals (status)
E1-S021,https://www.gov.uk/government/publications/cyber-security-and-resilience-network-and-information-systems-bill-factsheets/summary-of-the-bill,Cyber Security and Resilience (Network and Information Systems) Bill: summary of the Bill (factsheet),DSIT (GOV.UK),regulatory,2026-10-09,extract,Enterprise_GenAI_Stack_Oct2026/06_References/snapshots/E1/E1-S021.extract.txt,R-EU-NIS2 UK equivalent (status and scope)
E1-S022,https://www.gov.uk/government/publications/cyber-security-and-resilience-network-and-information-systems-bill-factsheets/relevant-managed-service-providers,Cyber Security and Resilience Bill factsheet: Relevant managed service providers,DSIT (GOV.UK),regulatory,2026-10-09,extract,Enterprise_GenAI_Stack_Oct2026/06_References/snapshots/E1/E1-S022.extract.txt,R-EU-NIS2 UK RMSP registration
E1-S023,https://www.parliament.uk/business/news/2026/august-2026/cyber-security-and-resilience-bill-house-of-lords-committee-stage/,Cyber security bill completes Lords committee stage,UK Parliament,regulatory,2026-10-09,extract,Enterprise_GenAI_Stack_Oct2026/06_References/snapshots/E1/E1-S023.extract.txt,R-EU-NIS2 UK Bill parliamentary status
E1-S024,https://bills.parliament.uk/bills/4035,Cyber Security and Resilience (Network and Information Systems) Bill - Parliamentary Bills,UK Parliament,regulatory,2026-10-09,extract,Enterprise_GenAI_Stack_Oct2026/06_References/snapshots/E1/E1-S024.extract.txt,R-EU-NIS2 UK Bill introduction dates
E1-S025,https://eur-lex.europa.eu/eli/reg/2023/2854/oj/eng,"Regulation (EU) 2023/2854 (Data Act), Official Journal text",EUR-Lex (Publications Office of the EU),regulatory,2026-10-09,extract,Enterprise_GenAI_Stack_Oct2026/06_References/snapshots/E1/E1-S025.extract.txt,"R-EU-DATA-ACT switching rules (Arts 23-30), charges, functional equivalence, open interfaces"
E1-S026,https://digital-strategy.ec.europa.eu/en/factpages/data-act-explained,Data Act explained,European Commission,regulatory,2026-10-09,extract,Enterprise_GenAI_Stack_Oct2026/06_References/snapshots/E1/E1-S026.extract.txt,"R-EU-DATA-ACT application date, switching summary, PaaS/SaaS duties"
E1-S027,https://eur-lex.europa.eu/legal-content/EN/TXT/HTML/?uri=CELEX:52025PC0837,Digital Omnibus proposal COM(2025) 837,European Commission (EUR-Lex),regulatory,2026-10-09,extract,Enterprise_GenAI_Stack_Oct2026/06_References/snapshots/E1/E1-S027.extract.txt,R-EU-DATA-ACT proposed switching carve-outs (proposal only)
E1-S028,https://koksal.av.tr/en/legislation/eu-digital-omnibus/,"EU Digital Omnibus: AI adopted, data half a proposal",Koksal (law firm),secondary-news,2026-10-09,extract,Enterprise_GenAI_Stack_Oct2026/06_References/snapshots/E1/E1-S028.extract.txt,R-EU-DATA-ACT Omnibus status
E1-S029,https://ai-act-service-desk.ec.europa.eu/en/ai-act/article-62,"AI Act Article 62: Measures for providers and deployers, in particular SMEs, including start-ups",European Commission (AI Act Service Desk),regulatory,2026-10-09,extract,Enterprise_GenAI_Stack_Oct2026/06_References/snapshots/E1/E1-S029.extract.txt,R-EU-AIA-ROLES SME and start-up measures
E1-S030,https://ai-act-service-desk.ec.europa.eu/en/ai-act/article-58,"AI Act Article 58: Detailed arrangements for, and functioning of, AI regulatory sandboxes",European Commission (AI Act Service Desk),regulatory,2026-10-09,extract,Enterprise_GenAI_Stack_Oct2026/06_References/snapshots/E1/E1-S030.extract.txt,R-EU-AIA-ROLES sandboxes free of charge for SMEs
E1-S031,https://ai-act-service-desk.ec.europa.eu/en/ai-act/article-99,AI Act Article 99: Penalties,European Commission (AI Act Service Desk),regulatory,2026-10-09,extract,Enterprise_GenAI_Stack_Oct2026/06_References/snapshots/E1/E1-S031.extract.txt,R-EU-AIA-ROLES SME and SMC penalty caps
E1-S032,https://ai-act-service-desk.ec.europa.eu/en/ai-act/article-11,AI Act Article 11: Technical documentation,European Commission (AI Act Service Desk),regulatory,2026-10-09,extract,Enterprise_GenAI_Stack_Oct2026/06_References/snapshots/E1/E1-S032.extract.txt,R-EU-AIA-ROLES simplified technical documentation for SMEs and SMCs
E1-S033,https://ai-act-service-desk.ec.europa.eu/en/ai-act/article-25,AI Act Article 25: Responsibilities along the AI value chain,European Commission (AI Act Service Desk),regulatory,2026-10-09,extract,Enterprise_GenAI_Stack_Oct2026/06_References/snapshots/E1/E1-S033.extract.txt,"R-EU-AIA-ROLES Article 25(2)-(4) cooperation, written agreements, open-source carve-out, model terms"
E1-S034,https://digital-strategy.ec.europa.eu/en/faqs/guidelines-obligations-general-purpose-ai-providers,Guidelines on obligations for general-purpose AI providers (Q&A; guidelines C(2025) 5045),European Commission,regulatory,2026-10-09,extract,Enterprise_GenAI_Stack_Oct2026/06_References/snapshots/E1/E1-S034.extract.txt,R-EU-AIA-ROLES downstream modifiers of GPAI models
E1-S035,https://ai-act-service-desk.ec.europa.eu/en/ai-act/article-50,AI Act Article 50: Transparency obligations for providers and deployers of certain AI systems,European Commission (AI Act Service Desk),regulatory,2026-10-09,extract,Enterprise_GenAI_Stack_Oct2026/06_References/snapshots/E1/E1-S035.extract.txt,R-EU-AIA-ROLES Article 50(1) and (2) provider duties
E1-S036,https://ai-act-service-desk.ec.europa.eu/sites/default/files/2026-07/guidelines_on_the_implementation_of_the_transparency_obligations_for_certain_ai_systems_under_article_50_of_the_ai_act_bzptwqhk0ikg1dtlddap41psfy_131215.pdf,Guidelines on the implementation of the transparency obligations for certain AI systems under Article 50 of the AI Act (C(2026) 5054 Annex),European Commission,regulatory,2026-10-09,extract,Enterprise_GenAI_Stack_Oct2026/06_References/snapshots/E1/E1-S036.extract.txt,R-EU-AIA-ROLES Article 50 guidelines
E1-S037,https://digital-strategy.ec.europa.eu/en/policies/code-practice-ai-generated-content,Code of Practice on Transparency of AI-generated Content,European Commission,regulatory,2026-10-09,extract,Enterprise_GenAI_Stack_Oct2026/06_References/snapshots/E1/E1-S037.extract.txt,R-EU-AIA-ROLES Article 50 code of practice
E1-S038,https://leg.colorado.gov/bills/sb26-189,SB26-189 Automated Decision-Making Technology,Colorado General Assembly,regulatory,2026-10-09,extract,Enterprise_GenAI_Stack_Oct2026/06_References/snapshots/E1/E1-S038.extract.txt,"R-US-STATE-AI Colorado replacement law: status, scope, duties, effective dates"
E1-S039,https://coag.gov/ai/,Colorado Automated Decision-Making Technology & Chatbot Safety Rulemaking,Colorado Attorney General (Department of Law),regulatory,2026-10-09,extract,Enterprise_GenAI_Stack_Oct2026/06_References/snapshots/E1/E1-S039.extract.txt,R-US-STATE-AI Colorado rulemaking and effective date
E1-S040,https://leg.colorado.gov/bill_files/115880/download,"SB 26-189 Fiscal Note (Legislative Council Staff, 6 May 2026)",Colorado Legislative Council Staff,regulatory,2026-10-09,extract,Enterprise_GenAI_Stack_Oct2026/06_References/snapshots/E1/E1-S040.extract.txt,R-US-STATE-AI Colorado court order and SB 24-205 history
E1-S041,https://www.dwt.com/blogs/privacy--security-law-blog/2026/05/colorado-ai-act-repeal-new-transparency-law,Colorado AI Act Repealed and Replaced by Narrower Statute Focused on Transparency Requirements and Enhanced Consumer Rights,Davis Wright Tremaine,secondary-news,2026-10-09,extract,Enterprise_GenAI_Stack_Oct2026/06_References/snapshots/E1/E1-S041.extract.txt,R-US-STATE-AI Colorado duties removed
E1-S042,https://www.texasattorneygeneral.gov/consumer-protection/file-consumer-complaint/consumer-ai-rights,Consumer AI Rights (Texas Responsible Artificial Intelligence Governance Act),Office of the Texas Attorney General,regulatory,2026-10-09,extract,Enterprise_GenAI_Stack_Oct2026/06_References/snapshots/E1/E1-S042.extract.txt,"R-US-STATE-AI Texas TRAIGA effective date, prohibitions, penalties"
E1-S043,https://capitol.texas.gov/tlodocs/89R/billtext/pdf/HB00149F.pdf,"H.B. No. 149 (enrolled), relating to regulation of the use of artificial intelligence systems",Texas Legislature,regulatory,2026-10-09,extract,Enterprise_GenAI_Stack_Oct2026/06_References/snapshots/E1/E1-S043.extract.txt,"R-US-STATE-AI Texas definitions, sandbox"
E1-S044,https://leginfo.legislature.ca.gov/faces/billTextClient.xhtml?bill_id=202520260SB53,SB-53 Artificial intelligence models: large developers (Transparency in Frontier Artificial Intelligence Act),California Legislature,regulatory,2026-10-09,extract,Enterprise_GenAI_Stack_Oct2026/06_References/snapshots/E1/E1-S044.extract.txt,R-US-STATE-AI California SB 53
E1-S045,https://leginfo.legislature.ca.gov/faces/billTextClient.xhtml?bill_id=202520260AB853,AB-853 California AI Transparency Act,California Legislature,regulatory,2026-10-09,extract,Enterprise_GenAI_Stack_Oct2026/06_References/snapshots/E1/E1-S045.extract.txt,R-US-STATE-AI California AI Transparency Act (SB 942 as amended)
E1-S046,https://www.aoshearman.com/en/insights/ao-shearman-on-tech/zooming-in-on-ai-california-evolving-ai-legal-landscape-entering-2026,Zooming in on AI: California's evolving AI legal landscape entering 2026,A&O Shearman,secondary-news,2026-10-09,extract,Enterprise_GenAI_Stack_Oct2026/06_References/snapshots/E1/E1-S046.extract.txt,R-US-STATE-AI California AB 2013 training-data transparency
E1-S047,https://cppa.ca.gov/announcements/2025/20250923.html,"CPPA announcement: regulations on cybersecurity audits, risk assessments and ADMT approved",California Privacy Protection Agency,regulatory,2026-10-09,extract,Enterprise_GenAI_Stack_Oct2026/06_References/snapshots/E1/E1-S047.extract.txt,R-US-STATE-AI CCPA ADMT regulations dates
E1-S048,https://www.gov.ca.gov/2026/09/30/californias-nation-leading-ai-framework-just-got-stronger-governor-newsom-signs-more-first-in-the-nation-worker-protections-and-more/,California's nation-leading AI framework just got stronger (and related September 2026 signing releases),Office of the Governor of California,regulatory,2026-10-09,extract,Enterprise_GenAI_Stack_Oct2026/06_References/snapshots/E1/E1-S048.extract.txt,R-US-STATE-AI California September 2026 AI bills (status only)
E1-S049,https://www.federalregister.gov/documents/2025/12/16/2025-23092/ensuring-a-national-policy-framework-for-artificial-intelligence,"Executive Order 14365, Ensuring a National Policy Framework for Artificial Intelligence",Federal Register (Executive Office of the President),regulatory,2026-10-09,extract,Enterprise_GenAI_Stack_Oct2026/06_References/snapshots/E1/E1-S049.extract.txt,R-US-STATE-AI federal preemption pressure
E1-S050,https://www.justice.gov/opa/pr/justice-department-intervenes-xai-lawsuit-challenging-colorados-algorithmic-discrimination,Justice Department intervenes in xAI lawsuit challenging Colorado's algorithmic discrimination law,US Department of Justice,regulatory,2026-10-09,extract,Enterprise_GenAI_Stack_Oct2026/06_References/snapshots/E1/E1-S050.extract.txt,R-US-STATE-AI Colorado litigation
E1-S051,https://www.gov.uk/government/publications/software-security-code-of-practice,Software Security Code of Practice,DSIT and NCSC (GOV.UK),regulatory,2026-10-09,extract,Enterprise_GenAI_Stack_Oct2026/06_References/snapshots/E1/E1-S051.extract.txt,R-UK-SOFTWARE Software Security Code of Practice
E1-S052,https://www.ncsc.gov.uk/blog-post/software-code-of-practice-building-a-secure-digital-future,Software Code of Practice: building a secure digital future,NCSC,regulatory,2026-10-09,extract,Enterprise_GenAI_Stack_Oct2026/06_References/snapshots/E1/E1-S052.extract.txt,R-UK-SOFTWARE launch date
E1-S053,https://www.gov.uk/government/publications/the-uk-product-security-and-telecommunications-infrastructure-product-security-regime,The UK Product Security and Telecommunications Infrastructure (Product Security) regime,DSIT / OPSS (GOV.UK),regulatory,2026-10-09,extract,Enterprise_GenAI_Stack_Oct2026/06_References/snapshots/E1/E1-S053.extract.txt,R-UK-SOFTWARE PSTI regime start and scope
E1-S054,https://www.legislation.gov.uk/ukpga/2022/46,Product Security and Telecommunications Infrastructure Act 2022 (and Explanatory Notes),legislation.gov.uk,regulatory,2026-10-09,extract,Enterprise_GenAI_Stack_Oct2026/06_References/snapshots/E1/E1-S054.extract.txt,R-UK-SOFTWARE PSTI definitions and software treatment
E1-S055,https://eur-lex.europa.eu/legal-content/EN/TXT/HTML/?uri=CELEX%3A32022R2554,"Regulation (EU) 2022/2554 (DORA), Article 30 key contractual provisions",EUR-Lex (Publications Office of the EU),regulatory,2026-10-09,extract,Enterprise_GenAI_Stack_Oct2026/06_References/snapshots/E1/E1-S055.extract.txt,Article 30 clause content flowing down to ICT providers (supplements R-DORA)
E1-S056,https://eur-lex.europa.eu/eli/reg_del/2024/1773/oj/eng,Commission Delegated Regulation (EU) 2024/1773 (RTS on the policy on ICT services supporting critical or important functions),EUR-Lex (Publications Office of the EU),regulatory,2026-10-09,extract,Enterprise_GenAI_Stack_Oct2026/06_References/snapshots/E1/E1-S056.extract.txt,DORA audit and access rights flowing down to ICT providers
E1-S057,https://eur-lex.europa.eu/legal-content/EN/TXT/HTML/?uri=OJ%3AL_202500532,Commission Delegated Regulation (EU) 2025/532 (RTS on subcontracting ICT services supporting critical or important functions),EUR-Lex (Publications Office of the EU),regulatory,2026-10-09,extract,Enterprise_GenAI_Stack_Oct2026/06_References/snapshots/E1/E1-S057.extract.txt,DORA subcontracting conditions flowing down to ICT providers
